<?xml version="1.0" encoding="UTF-8"?>
<project-private xmlns="http://www.netbeans.org/ns/project-private/1">
    <editor-bookmarks xmlns="http://www.netbeans.org/ns/editor-bookmarks/2" lastBookmarkId="0"/>
    <open-files xmlns="http://www.netbeans.org/ns/projectui-open-files/2">
        <group>
            <file>file:/C:/Users/muthu/Documents/NetBeansProjects/com24/src/sort/mergeSort.java</file>
            <file>file:/C:/Users/muthu/Documents/NetBeansProjects/com24/src/sort/main.java</file>
            <file>file:/C:/Users/muthu/Documents/NetBeansProjects/com24/src/sort/quickSort.java</file>
            <file>file:/C:/Users/muthu/Documents/NetBeansProjects/com24/src/sort/bubbleSort.java</file>
            <file>file:/C:/Users/muthu/Documents/NetBeansProjects/com24/src/sort/insertionSort.java</file>
            <file>file:/C:/Users/muthu/Documents/NetBeansProjects/com24/src/sort/selectionSort.java</file>
        </group>
    </open-files>
</project-private>
